INDEX,GENE,PROTEIN,ACC_ID,ORGANISM,MOD_RSD,SITE_+/-7_AA,SITE_+/-15_AA,RESIDUE,POSITION,LENGTH,LABEL,Transport_Direction
P35869_S12,AHR,AHR,P35869,human,S12-p,SANITYAsRKRRKPV,MNSSSANITYAsRKRRKPVQKTVKPIP,S,12,848,promote_export,Nuclear Export
P35869_S36,AHR,AHR,P35869,human,S36-p,EGIKSNPsKRHRDRL,KTVKPIPAEGIKSNPsKRHRDRLNTELDRLA,S,36,848,promote_export,Nuclear Export
P10275_S579,AR,AR,P10275,human,S579-p,YGALTCGsCKVFFKR,GDEASGCHYGALTCGsCKVFFKRAAEGKQKY,S,579,920,promote_export,Nuclear Export
P10275_S651,AR,AR,P10275,human,S651-p,GEASSTTsPTEETTQ,GNLKLQEEGEASSTTsPTEETTQKLTVSHIE,S,651,920,promote_export,Nuclear Export
P10275_S792,AR,AR,P10275,human,S792-p,CVRMRHLsQEFGWLQ,HKSRMYSQCVRMRHLsQEFGWLQITPQEFLC,S,792,920,promote_export,Nuclear Export
Q9BYV9_S520,BACH2,BACH2,Q9BYV9,human,S520-p,LETRTRTsSSCSSYS,KVCPRSPPLETRTRTsSSCSSYSYAEDGSGG,S,520,841,promote_export,Nuclear Export
Q9BYV9_S521,BACH2,BACH2,Q9BYV9,human,S521-p,ETRTRTSsSCSSYSY,VCPRSPPLETRTRTSsSCSSYSYAEDGSGGS,S,521,841,promote_export,Nuclear Export
Q96RK0_S1082,CIC,capicua,Q96RK0,human,S1082-p,PGKRRTQsLSALPKE,PEIQLPLPPGKRRTQsLSALPKERDSSSEKD,S,1082,2517,promote_export,Nuclear Export
Q96RK0_S1210,CIC,capicua,Q96RK0,human,S1210-p,ETRERSMsETGTAAA,LGLAGGHKETRERSMsETGTAAAPGVSSELL,S,1210,2517,promote_export,Nuclear Export
Q96RK0_S2298,CIC,capicua,Q96RK0,human,S2298-p,SPRAILGsYRKKRKN,PTLQSLATSPRAILGsYRKKRKNSTDLDSAP,S,2298,2517,promote_export,Nuclear Export
Q96RK0_S2318,CIC,capicua,Q96RK0,human,S2318-p,SAPEDPTsPKRKMRR,RKNSTDLDSAPEDPTsPKRKMRRRSSCSSEP,S,2318,2517,promote_export,Nuclear Export
O15516_S106,CLOCK,CLOCK,O15516,human,S106-p,DWKPTFLsNEEFTQL,SDASEIRQDWKPTFLsNEEFTQLMLEALDGF,S,106,846,promote_export,Nuclear Export
Q03060_S271,CREM,CREM,Q03060,human,S271-p,QGVVMAAsPGSLHSP,RAPTAALPQGVVMAAsPGSLHSPQQLAEEAT,S,271,345,promote_export,Nuclear Export
P50548_T526,ERF,ERF,P50548,human,T526-p,GEAGGPLtPRRVSSD,KKVRGEGPGEAGGPLtPRRVSSDLQHATAQL,T,526,548,promote_export,Nuclear Export
P03372_Y537,ESR1,ER-alpha,P03372,human,Y537-p,CKNVVPLyDLLLEML,MEHLYSMKCKNVVPLyDLLLEMLDAHRLHAP,Y,537,595,promote_export,Nuclear Export
P41212_S257,ETV6,Tel,P41212,human,S257-p,ESHPKPSsPRQESTR,NNHCPASSESHPKPSsPRQESTRVIQLMPSP,S,257,452,promote_export,Nuclear Export
Q9Y261_T156,FOXA2,FOXA2,Q9Y261,human,T156-p,KTYRRSYtHAKPPYS,GLSRARDPKTYRRSYtHAKPPYSYISLITMA,T,156,457,promote_export,Nuclear Export
P55316_T279,FOXG1,FOXG1,P55316,human,T279-p,KLRRRSTtSRAKLAF,VFIGGTTGKLRRRSTtSRAKLAFKRGARLTS,T,279,489,promote_export,Nuclear Export
Q12778_T24,FOXO1,FOXO1A,Q12778,human,T24-p,LPRPRSCtWPLPRPE,EIDPDFEPLPRPRSCtWPLPRPEFSQSNSAT,T,24,655,promote_export,Nuclear Export
Q12778_S249,FOXO1,FOXO1A,Q12778,human,S249-p,EGGKSGKsPRRRAAS,SSWWMLNPEGGKSGKsPRRRAASMDNNSKFA,S,249,655,promote_export,Nuclear Export
Q12778_S256,FOXO1,FOXO1A,Q12778,human,S256-p,SPRRRAAsMDNNSKF,PEGGKSGKSPRRRAAsMDNNSKFAKSRSRAA,S,256,655,promote_export,Nuclear Export
O43524_T32,FOXO3,FOXO3A,O43524,human,T32-p,QSRPRSCtWPLQRPE,ELDPEFEPQSRPRSCtWPLQRPELQASPAKP,T,32,673,promote_export,Nuclear Export
O43524_S253,FOXO3,FOXO3A,O43524,human,S253-p,APRRRAVsMDNSNKY,PDGGKSGKAPRRRAVsMDNSNKYTKSRGRAA,S,253,673,promote_export,Nuclear Export
O43524_S315,FOXO3,FOXO3A,O43524,human,S315-p,DFRSRTNsNASTVSG,SDELDAWTDFRSRTNsNASTVSGRLSPIMAS,S,315,673,promote_export,Nuclear Export
O43524_S644,FOXO3,FOXO3A,O43524,human,S644-p,GLDFNFDsLISTQNV,RSELMDADGLDFNFDsLISTQNVVGLNVGNF,S,644,673,promote_export,Nuclear Export
P98177_T32,FOXO4,FOXO4,P98177,human,T32-p,QSRPRSCtWPLPRPE,DLDPDFEPQSRPRSCtWPLPRPEIANQPSEP,T,32,505,promote_export,Nuclear Export
P98177_S197,FOXO4,FOXO4,P98177,human,S197-p,APRRRAAsMDSSSKL,PEGGKSGKAPRRRAAsMDSSSKLLRGRSKAP,S,197,505,promote_export,Nuclear Export
P23769_S401,GATA2,GATA2,P23769,human,S401-p,QTRNRKMsNKSKKSK,LTMKKEGIQTRNRKMsNKSKKSKKGAECFEE,S,401,480,promote_export,Nuclear Export
P08151_T374,GLI1,GLI1,P08151,human,T374-p,PGCTKRYtDPSSLRK,EKPYVCKLPGCTKRYtDPSSLRKHVKTVHGP,T,374,1106,promote_export,Nuclear Export
P08151_S937,GLI1,GLI1,P08151,human,S937-p,FLGGSQVsPSRAKAP,EPSYQSPKFLGGSQVsPSRAKAPVNTYGPGF,S,937,1106,promote_export,Nuclear Export
Q00613_S121,HSF1,HSF1,Q00613,human,S121-p,NIKRKVTsVSTLKSE,RGQEQLLENIKRKVTsVSTLKSEDIKIRQDS,S,121,529,promote_export,Nuclear Export
Q00613_S303,HSF1,HSF1,Q00613,human,S303-p,RVKEEPPsPPQSPRV,PLSSSPLVRVKEEPPsPPQSPRVEEASPGRP,S,303,529,promote_export,Nuclear Export
Q00613_S307,HSF1,HSF1,Q00613,human,S307-p,EPPSPPQsPRVEEAS,SPLVRVKEEPPSPPQsPRVEEASPGRPSSVD,S,307,529,promote_export,Nuclear Export
Q14653_S97,IRF3,IRF3,Q14653,human,S97-p,LRLAEDRsKDPHDPH,SALNRKEGLRLAEDRsKDPHDPHKIYEFVNS,S,97,427,promote_export,Nuclear Export
Q14653_T207,IRF3,IRF3,Q14653,human,T207-p,EEWEFEVtAFYRGRQ,LKRLLVPGEEWEFEVtAFYRGRQVFQQTISC,T,207,427,promote_export,Nuclear Export
Q14814_S251,MEF2D,MEF2D,Q14814,human,S251-p,NKVIPAKsPPPPTHS,PVANGNSLNKVIPAKsPPPPTHSTQLGAPSR,S,251,521,promote_export,Nuclear Export
O75030_S516,MITF,MITF,O75030,human,S516-p,KTSSRRSsMSMEETE,SSVSPGASKTSSRRSsMSMEETEHTC,S,516,526,promote_export,Nuclear Export
Q9NP71_S196,MLXIPL,ChREBP,Q9NP71,human,S196-p,KKRLRKPsREDDLLA,YHKWRIYYKKRLRKPsREDDLLAPKQAEGRW,S,196,852,promote_export,Nuclear Export
Q14872_T254,MTF1,MTF1,Q14872,human,T254-p,RKHIRTHtGEKPFRC,YFTTLSDLRKHIRTHtGEKPFRCDHDGCGKA,T,254,753,promote_export,Nuclear Export
O94916_S155,NFAT5,NFAT5,O94916,human,S155-p,PEDLLDNsRMSCQDE,TVLYISPPPEDLLDNsRMSCQDEGCGLESEQ,S,155,1531,promote_export,Nuclear Export
O94916_S158,NFAT5,NFAT5,O94916,human,S158-p,LLDNSRMsCQDEGCG,YISPPPEDLLDNSRMsCQDEGCGLESEQSCS,S,158,1531,promote_export,Nuclear Export
O95644_S172,NFATC1,NFAT2,O95644,human,S172-p,YRDPSCLsPASSLSS,LSLPSLEAYRDPSCLsPASSLSSRSCNSEAS,S,172,943,promote_export,Nuclear Export
Q16236_T369,NFE2L2,NRF2,Q16236,human,T369-p,ESSSYGDtLLGLSDS,VASPEHSVESSSYGDtLLGLSDSEVEELDSA,T,369,605,promote_export,Nuclear Export
O75469_T290,NR1I2,NR1I2,O75469,human,T290-p,LCQLRFNtVFNAETG,LLKGAAFELCQLRFNtVFNAETGTWECGRLS,T,290,434,promote_export,Nuclear Export
O75469_T408,NR1I2,NR1I2,O75469,human,T408-p,RSINAQHtQRLLRIQ,IMAMLTELRSINAQHtQRLLRIQDIHPFATP,T,408,434,promote_export,Nuclear Export
Q14994_T38,NR1I3,NR1I3,Q14994,human,T38-p,CKGFFRRtVSKSIGP,FNALTCEGCKGFFRRtVSKSIGPTCPFAGSC,T,38,352,promote_export,Nuclear Export
Q14994_S192,NR1I3,NR1I3,Q14994,human,S192-p,LPIEDQIsLLKGAAV,KDLPVFRSLPIEDQIsLLKGAAVEICHIVLN,S,192,352,promote_export,Nuclear Export
P04150_S134,NR3C1,GR,P04150,human,S134-p,ANLNRSTsVPENPKS,LKLLEESIANLNRSTsVPENPKSSASTAVSA,S,134,777,promote_export,Nuclear Export
P04150_S226,NR3C1,GR,P04150,human,S226-p,IDENCLLsPLAGEDD,SPWRSDLLIDENCLLsPLAGEDDSFLLEGNS,S,226,777,promote_export,Nuclear Export
P08235_S843,NR3C2,MCR,P08235,human,S843-p,NEEKMHQsAMYELCQ,YFAPDLVFNEEKMHQsAMYELCQGMHQISLQ,S,843,984,promote_export,Nuclear Export
Q01860_S111,POU5F1,2025-10-04 00:00:00,Q01860,human,S111-p,ESNSDGAsPEPCTVT,EGEAGVGVESNSDGAsPEPCTVTPGAVKLEK,S,111,360,promote_export,Nuclear Export
Q04206_S205,RELA,NFkB-p65,Q04206,human,S205-p,RVNRNSGsCLGGDEI,NTAELKICRVNRNSGsCLGGDEIFLLCDKVQ,S,205,551,promote_export,Nuclear Export
Q04206_S281,RELA,NFkB-p65,Q04206,human,S281-p,RPSDRELsEPMEFQY,VRVSMQLRRPSDRELsEPMEFQYLPDTDDRH,S,281,551,promote_export,Nuclear Export
Q01196_S67,RUNX1,AML1,Q01196,human,S67-p,GELVRTDsPNFLCSV,VEVLADHPGELVRTDsPNFLCSVLPTHWRCN,S,67,453,promote_export,Nuclear Export
Q01196_T207,RUNX1,AML1,Q01196,human,T207-p,ELEQLRRtAMRVSPH,LSFSERLSELEQLRRtAMRVSPHHPAPTPNP,T,207,453,promote_export,Nuclear Export
Q13761_T209,RUNX3,AML2,Q13761,human,T209-p,ERLRMRVtPSTPSPR,FPDRFGDLERLRMRVtPSTPSPRGSLSTTSH,T,209,415,promote_export,Nuclear Export
O95863_S11,SNAI1,Snail1,O95863,human,S11-p,SFLVRKPsDPNRKPN,MPRSFLVRKPsDPNRKPNYSELQDSN,S,11,264,promote_export,Nuclear Export
P52630_S287,STAT2,STAT2,P52630,human,S287-p,KGLSCLVsYQDDPLT,LRQLLKELKGLSCLVsYQDDPLTKGVDLRNA,S,287,851,promote_export,Nuclear Export
P42229_S726,STAT5A,STAT5A,P42229,human,S726-p,TYMDQAPsPAVCPQA,ADAGGSSATYMDQAPsPAVCPQAPYNMYPQN,S,726,794,promote_export,Nuclear Export
P19532_S246,TFE3,TFE3,P19532,human,S246-p,PTGSAPNsPMALLTI,PEAAHTTGPTGSAPNsPMALLTIGSSSEKEI,S,246,575,promote_export,Nuclear Export
P19532_S321,TFE3,TFE3,P19532,human,S321-p,PAITVSNsCPAELPN,YSSQGVATPAITVSNsCPAELPNIKREISET,S,321,575,promote_export,Nuclear Export
P19484_S142,TFEB,TFEB,P19484,human,S142-p,AGNSAPNsPMAMLHI,AGHVLSSSAGNSAPNsPMAMLHIGSNPEREL,S,142,476,promote_export,Nuclear Export
P19484_S211,TFEB,TFEB,P19484,human,S211-p,LVGVTSSsCPADLTQ,SDPQVTASLVGVTSSsCPADLTQKRELTDAE,S,211,476,promote_export,Nuclear Export
P04637_T55,TP53,p53,P04637,human,T55-p,DDIEQWFtEDPGPDE,MDDLMLSPDDIEQWFtEDPGPDEAPRMPEAA,T,55,393,promote_export,Nuclear Export
P04637_S367,TP53,p53,P04637,human,S367-p,GGSRAHSsHLKSKKG,DAQAGKEPGGSRAHSsHLKSKKGQSTSRHKK,S,367,393,promote_export,Nuclear Export
P04637_S376,TP53,p53,P04637,human,S376-p,LKSKKGQsTSRHKKL,GSRAHSSHLKSKKGQsTSRHKKLMFKTEGPD,S,376,393,promote_export,Nuclear Export
O15350_S48,TP73,p73,O15350,human,S48-p,VVGGTDSsMDVFHLE,QSSRGNNEVVGGTDSsMDVFHLEGMTTSVMA,S,48,636,promote_export,Nuclear Export
O15350_S235,TP73,p73,O15350,human,S235-p,DPVTGRQsVVVPYEP,NNLSQYVDDPVTGRQsVVVPYEPPQVGTEFT,S,235,636,promote_export,Nuclear Export
P67809_S209,YBX1,YB-1,P67809,human,S209-p,YGRRPQYsNPPVQGE,PPYYMRRPYGRRPQYsNPPVQGEVMEGADNQ,S,209,324,promote_export,Nuclear Export
P35869_S68,AHR,AHR,P35869,human,S68-p,INKLDKLsVLRLSVS,LLPFPQDVINKLDKLsVLRLSVSYLRAKSFF,S,68,848,promote_import,Nuclear Import
P10275_S83,AR,AR,P10275,human,S83-p,QQQQQETsPRQQQQQ,QQQQQQQQQQQQQETsPRQQQQQQGEDGSPQ,S,83,920,promote_import,Nuclear Import
P10275_S96,AR,AR,P10275,human,S96-p,QQQGEDGsPQAHRRG,ETSPRQQQQQQGEDGsPQAHRRGPTGYLVLD,S,96,920,promote_import,Nuclear Import
P10275_S516,AR,AR,P10275,human,S516-p,VSRVPYPsPTCVKSE,DVWYPGGMVSRVPYPsPTCVKSEMGPWMDSY,S,516,920,promote_import,Nuclear Import
P10275_Y535,AR,AR,P10275,human,Y535-p,MDSYSGPyGDMRLET,VKSEMGPWMDSYSGPyGDMRLETARDHVLPI,Y,535,920,promote_import,Nuclear Import
P15336_T52,ATF2,ATF-2,P15336,human,T52-p,HKHKHEMtLKFGPAR,TNEDHLAVHKHKHEMtLKFGPARNDSVIVAD,T,52,505,promote_import,Nuclear Import
P17676_S288,CEBPB,C/EBP-beta,P17676,human,S288-p,NNIAVRKsRDKAKMR,EYKIRRERNNIAVRKsRDKAKMRNLETQHKV,S,288,345,promote_import,Nuclear Import
Q01094_S332,E2F1,E2F1,Q01094,human,S332-p,TDSATIVsPPPSSPP,TSEEENRATDSATIVsPPPSSPPSSLTTDPS,S,332,437,promote_import,Nuclear Import
Q16254_S244,E2F4,E2F4,Q16254,human,S244-p,QEASRPNsPQLTPTA,PKPALAQSQEASRPNsPQLTPTAVPGSAEVQ,S,244,413,promote_import,Nuclear Import
Q16254_S384,E2F4,E2F4,Q16254,human,S384-p,FAPLLRLsPPPGDHD,EELMSSEVFAPLLRLsPPPGDHDYIYNLDES,S,384,413,promote_import,Nuclear Import
P78545_S68,ELF3,ELF3,P78545,human,S68-p,GEQPQFWsKTQVLDW,GTEKASWLGEQPQFWsKTQVLDWISYQVEKN,S,68,371,promote_import,Nuclear Import
Q99814_S383,EPAS1,HIF2A,Q99814,human,S383-p,SSGKGAVsEKSNFLF,MAMNSIFDSSGKGAVsEKSNFLFTKLKEEPE,S,383,870,promote_import,Nuclear Import
Q99814_T528,EPAS1,HIF2A,Q99814,human,T528-p,FNELDLEtLAPYIPM,DQCSTQTDFNELDLEtLAPYIPMDGEDFQLS,T,528,870,promote_import,Nuclear Import
Q99814_S672,EPAS1,HIF2A,Q99814,human,S672-p,APLGPPVsPPHVSTF,QRTEFLGAAPLGPPVsPPHVSTFKTRSAKGF,S,672,870,promote_import,Nuclear Import
P03372_T311,ESR1,ER-alpha,P03372,human,T311-p,NSLALSLtADQMVSA,LMIKRSKKNSLALSLtADQMVSALLDAEPPI,T,311,595,promote_import,Nuclear Import
P43268_Y392,ETV4,ETV4,P43268,human,Y392-p,KNRPAMNyDKLSRSL,VARLWGIQKNRPAMNyDKLSRSLRYYYEKGI,Y,392,484,promote_import,Nuclear Import
P01100_T232,FOS,Fos,P01100,human,T232-p,GGLPEVAtPESEEAF,SVASLDLTGGLPEVAtPESEEAFTLPLLNDP,T,232,380,promote_import,Nuclear Import
P55316_S19,FOXG1,FOXG1,P55316,human,S19-p,MIPKSSFsINSLVPE,MGDRKEVKMIPKSSFsINSLVPEAVQNDNHH,S,19,489,promote_import,Nuclear Import
Q08050_S25,FOXM1,FOXM1,Q08050,human,S25-p,LPVQNAPsETSEEEP,ILKRRRLPLPVQNAPsETSEEEPKRSPAQQE,S,25,763,promote_import,Nuclear Import
Q12778_S276,FOXO1,FOXO1A,Q12778,human,S276-p,RAAKKKAsLQSGQEG,SKFAKSRSRAAKKKAsLQSGQEGAGDSPGSQ,S,276,655,promote_import,Nuclear Import
Q12778_T649,FOXO1,FOXO1A,Q12778,human,T649-p,PHSVKTTtHSWVSG,NVLPNQSFPHSVKTTtHSWVSG,T,649,655,promote_import,Nuclear Import
O43524_S7,FOXO3,FOXO3A,O43524,human,S7-p,MAEAPAsPAPLSPL,MAEAPAsPAPLSPLEVELDPEF,S,7,673,promote_import,Nuclear Import
O43524_S209,FOXO3,FOXO3A,O43524,human,S209-p,SSAGWKNsIRHNLSL,FKDKGDSNSSAGWKNsIRHNLSLHSRFMRVQ,S,209,673,promote_import,Nuclear Import
O43524_S574,FOXO3,FOXO3A,O43524,human,S574-p,SAKHQQQsPVSQSMQ,LSESSSLGSAKHQQQsPVSQSMQTLSDSLSG,S,574,673,promote_import,Nuclear Import
P08151_S84,GLI1,GLI1,P08151,human,S84-p,LTKKRALsISPLSDA,SSPRSAVKLTKKRALsISPLSDASLDLQTVI,S,84,1106,promote_import,Nuclear Import
P08151_T394,GLI1,GLI1,P08151,human,T394-p,HGPDAHVtKRHRGDG,LRKHVKTVHGPDAHVtKRHRGDGPLPRAPSI,T,394,1106,promote_import,Nuclear Import
P08151_S1089,GLI1,GLI1,P08151,human,S1089-p,NMAVGNMsVLLRSLP,TPPPSGPPNMAVGNMsVLLRSLPGETEFLNS,S,1089,1106,promote_import,Nuclear Import
P10070_S149,GLI2,GLI2,P10070,human,S149-p,ISAARGLsPADVAQE,HSSPTLSMISAARGLsPADVAQEHLKERGLF,S,149,1586,promote_import,Nuclear Import
Q9NZI5_S76,GRHL1,GRHL1,Q9NZI5,human,S76-p,KVPRERRsSTAKPEV,LGLLYDYYKVPRERRsSTAKPEVEHPEPDHS,S,76,618,promote_import,Nuclear Import
P78347_Y248,GTF2I,GTF2I,P78347,human,Y248-p,EESEDPDyYQYNIQA,EMAAVTVKEESEDPDyYQYNIQAGPSETDDV,Y,248,998,promote_import,Nuclear Import
Q16665_S641,HIF1A,HIF1A,Q16665,human,S641-p,DIKILIAsPSPTHIH,TVTKDRMEDIKILIAsPSPTHIHKETTSATS,S,641,826,promote_import,Nuclear Import
Q16665_S643,HIF1A,HIF1A,Q16665,human,S643-p,KILIASPsPTHIHKE,TKDRMEDIKILIASPsPTHIHKETTSATSSP,S,643,826,promote_import,Nuclear Import
Q00613_S230,HSF1,HSF1,Q00613,human,S230-p,PKYSRQFsLEHVHGS,DSGSAHSMPKYSRQFsLEHVHGSGPYSAPSP,S,230,529,promote_import,Nuclear Import
Q00613_S320,HSF1,HSF1,Q00613,human,S320-p,ASPGRPSsVDTLLSP,PQSPRVEEASPGRPSsVDTLLSPTALIDSIL,S,320,529,promote_import,Nuclear Import
Q9ULV5_T471,HSF4,HSF4,Q9ULV5,human,T471-p,LGLPGALtIYSTPES,QAALGGPALGLPGALtIYSTPESRTASYLGP,T,471,492,promote_import,Nuclear Import
Q14653_Y107,IRF3,IRF3,Q14653,human,Y107-p,PHDPHKIyEFVNSGV,LAEDRSKDPHDPHKIyEFVNSGVGDFSQPDT,Y,107,427,promote_import,Nuclear Import
Q14653_T135,IRF3,IRF3,Q14653,human,T135-p,GGGSTSDtQEDILDE,PDTSPDTNGGGSTSDtQEDILDELLGNMVLA,T,135,427,promote_import,Nuclear Import
Q13568_S158,IRF5,IRF5,Q13568,human,S158-p,QRMLPSLsLTEDVKW,EEEEEEELQRMLPSLsLTEDVKWPPTLQPPT,S,158,498,promote_import,Nuclear Import
Q9UIH9_S238,KLF15,KLF15,Q9UIH9,human,S238-p,ESGTGPAsPGQAPEN,IQPVPVKQESGTGPAsPGQAPENVKVAQLLV,S,238,416,promote_import,Nuclear Import
O94916_S134,NFAT5,NFAT5,O94916,human,S134-p,NTVQQHPsTPKRHTV,VSEKQLTSNTVQQHPsTPKRHTVLYISPPPE,S,134,1531,promote_import,Nuclear Import
O94916_T135,NFAT5,NFAT5,O94916,human,T135-p,TVQQHPStPKRHTVL,SEKQLTSNTVQQHPStPKRHTVLYISPPPED,T,135,1531,promote_import,Nuclear Import
O94916_Y143,NFAT5,NFAT5,O94916,human,Y143-p,PKRHTVLyISPPPED,TVQQHPSTPKRHTVLyISPPPEDLLDNSRMS,Y,143,1531,promote_import,Nuclear Import
O95644_Y371,NFATC1,NFAT2,O95644,human,Y371-p,ADFAPEDySSFQHIR,DLGSPPPPADFAPEDySSFQHIRKGGFCDQY,Y,371,943,promote_import,Nuclear Import
Q13469_S79,NFATC2,NFAT1,Q13469,human,S79-p,YSPLASLsGEPPGRF,VLDYGLKPYSPLASLsGEPPGRFGEPDRVGP,S,79,925,promote_import,Nuclear Import
Q16236_S40,NFE2L2,NRF2,Q16236,human,S40-p,SREVFDFsQRRKEYE,RQDIDLGVSREVFDFsQRRKEYELEKQKKLE,S,40,605,promote_import,Nuclear Import
Q96RI1_Y77,NR1H4,NR1H4,Q96RI1,human,Y77-p,QISSSSYySNLGFYP,VQFPQVQPQISSSSYySNLGFYPQQPEEWYS,Y,77,486,promote_import,Nuclear Import
P08235_T800,NR3C2,MCR,P08235,human,T800-p,LPLEDQItLIQYSWM,KVLPGFKNLPLEDQItLIQYSWMCLSSFALS,T,800,984,promote_import,Nuclear Import
P08235_S936,NR3C2,MCR,P08235,human,S936-p,DSMHDLVsDLLEFCF,FYQLTKLLDSMHDLVsDLLEFCFYTFRESHA,S,936,984,promote_import,Nuclear Import
P22736_T143,NR4A1,Nur77,P22736,human,T143-p,CSAPSPStPSFQPPQ,GSDYYGSPCSAPSPStPSFQPPQLSPWDGSF,T,143,598,promote_import,Nuclear Import
Q16656_T259,NRF1,NRF1,Q16656,human,T259-p,QKQRVSWtQALRTIV,RSDVRTEEQKQRVSWtQALRTIVKNCYKQHG,T,259,503,promote_import,Nuclear Import
P06401_S294,PGR,PR,P06401,human,S294-p,APMAPGRsPLATTVM,RVALVEQDAPMAPGRsPLATTVMDFIHVPIL,S,294,933,promote_import,Nuclear Import
P06401_S400,PGR,PR,P06401,human,S400-p,GAEASARsPRSYLVA,LKIKEEEEGAEASARsPRSYLVAGANPAAFP,S,400,933,promote_import,Nuclear Import
Q04206_T254,RELA,NFkB-p65,Q04206,human,T254-p,QVAIVFRtPPYADPS,FSQADVHRQVAIVFRtPPYADPSLQAPVRVS,T,254,551,promote_import,Nuclear Import
Q04206_S276,RELA,NFkB-p65,Q04206,human,S276-p,SMQLRRPsDRELSEP,SLQAPVRVSMQLRRPsDRELSEPMEFQYLPD,S,276,551,promote_import,Nuclear Import
Q04206_S316,RELA,NFkB-p65,Q04206,human,S316-p,FKSIMKKsPFSGPTD,KRKRTYETFKSIMKKsPFSGPTDPRPPPRRI,S,316,551,promote_import,Nuclear Import
Q04206_S536,RELA,NFkB-p65,Q04206,human,S536-p,SGDEDFSsIADMDFS,PGLPNGLLSGDEDFSsIADMDFSALLSQISS,S,536,551,promote_import,Nuclear Import
P84022_T179,SMAD3,SMAD3,P84022,human,T179-p,PQSNIPEtPPPGYLS,TNFPAGIEPQSNIPEtPPPGYLSEDGETSDH,T,179,425,promote_import,Nuclear Import
Q13485_T277,SMAD4,SMAD4,Q13485,human,T277-p,GSRTAPYtPNLPHHQ,HNSTTTWTGSRTAPYtPNLPHHQNGHLQHHP,T,277,552,promote_import,Nuclear Import
O95863_T203,SNAI1,Snail1,O95863,human,T203-p,QGHVRTHtGEKPFSC,AFSRPWLLQGHVRTHtGEKPFSCPHCSRAFA,T,203,264,promote_import,Nuclear Import
O95863_S246,SNAI1,Snail1,O95863,human,S246-p,QACARTFsRMSLLHK,SDVKKYQCQACARTFsRMSLLHKHQESGCSG,S,246,264,promote_import,Nuclear Import
P42224_Y701,STAT1,STAT1,P42224,human,Y701-p,DGPKGTGyIKTELIS,EAPEPMELDGPKGTGyIKTELISVSEVHPSR,Y,701,750,promote_import,Nuclear Import
P52630_Y690,STAT2,STAT2,P52630,human,Y690-p,NLQERRKyLKHRLIV,GCYYQEKVNLQERRKyLKHRLIVVSNRQVDE,Y,690,851,promote_import,Nuclear Import
P40763_Y705,STAT3,STAT3,P40763,human,Y705-p,DPGSAAPyLKTKFIC,ESQEHPEADPGSAAPyLKTKFICVTPTTCSN,Y,705,770,promote_import,Nuclear Import
Q14765_Y693,STAT4,STAT4,Q14765,human,Y693-p,TERGDKGyVPSVFIP,QPCEVSRPTERGDKGyVPSVFIPISTIRSDS,Y,693,748,promote_import,Nuclear Import
P42229_Y694,STAT5A,STAT5A,P42229,human,Y694-p,LAKAVDGyVKPQIKQ,FSKYYTPVLAKAVDGyVKPQIKQVVPEFVNA,Y,694,794,promote_import,Nuclear Import
P42229_S780,STAT5A,STAT5A,P42229,human,S780-p,DSLDSRLsPPAGLFT,EELLRRPMDSLDSRLsPPAGLFTSARGSLS,S,780,794,promote_import,Nuclear Import
P42226_Y641,STAT6,STAT6,P42226,human,Y641-p,MGKDGRGyVPATIKM,RSHYKPEQMGKDGRGyVPATIKMTVERDQPL,Y,641,847,promote_import,Nuclear Import
O15119_S719,TBX3,TBX3,O15119,human,S719-p,AEKEAATsELQSIQR,MSLSPKLCAEKEAATsELQSIQRLVSGLEAK,S,719,743,promote_import,Nuclear Import
P15923_S39,TCF3,E2A,P15923,human,S39-p,NGKGRPAsLAGAQFG,MMFPLPVTNGKGRPAsLAGAQFGGSGLEDRP,S,39,654,promote_import,Nuclear Import
P19484_S467,TFEB,TFEB,P19484,human,S467-p,KASSRRSsFSMEEGD,STMSPEASKASSRRSsFSMEEGDVL,S,467,476,promote_import,Nuclear Import
P04637_S20,TP53,p53,P04637,human,S20-p,PLSQETFsDLWKLLP,QSDPSVEPPLSQETFsDLWKLLPENNVLSPL,S,20,393,promote_import,Nuclear Import
O15350_S426,TP73,p73,O15350,human,S426-p,GGMNKLPsVNQLVGQ,LSPMNKVHGGMNKLPsVNQLVGQPPPHSSAA,S,426,636,promote_import,Nuclear Import
O15350_S471,TP73,p73,O15350,human,S471-p,GEMSSSHsAQSMVSG,HGHAVPANGEMSSSHsAQSMVSGSHCTPPPP,S,471,636,promote_import,Nuclear Import
P67809_T89,YBX1,YB-1,P67809,human,T89-p,EDVFVHQtAIKKNNP,FINRNDTKEDVFVHQtAIKKNNPRKYLRSVG,T,89,324,promote_import,Nuclear Import
P67809_S102,YBX1,YB-1,P67809,human,S102-p,NPRKYLRsVGDGETV,HQTAIKKNNPRKYLRsVGDGETVEFDVVEGE,S,102,324,promote_import,Nuclear Import
P67809_S165,YBX1,YB-1,P67809,human,S165-p,YQQNYQNsESGEKNE,RRRGPPRNYQQNYQNsESGEKNEGSESAPEG,S,165,324,promote_import,Nuclear Import
P67809_S176,YBX1,YB-1,P67809,human,S176-p,EKNEGSEsAPEGQAQ,NYQNSESGEKNEGSEsAPEGQAQQRRPYRRR,S,176,324,promote_import,Nuclear Import
P67809_Y281,YBX1,YB-1,P67809,human,Y281-p,QQPPQRRyRRNFNYR,NQGDETQGQQPPQRRyRRNFNYRRRRPENPK,Y,281,324,promote_import,Nuclear Import
